cluster_count,inertia,silhouette_score,calinski_harabasz_score,min_cluster_share,max_cluster_share,selected_for_business_use
4,6174.045872131768,0.2794444957898573,453.6755589966171,0.1375,0.4141666666666667,False
5,5407.478664602706,0.2693389153512656,430.51778718778974,0.135,0.31166666666666665,True
6,4971.071395043036,0.26722232582887095,395.30072990366085,0.08916666666666667,0.3125,False
7,4571.5470016153495,0.24271935145843093,375.28304326141694,0.0875,0.21083333333333334,False
