cluster_id,customer_count,total_spend,avg_order_value,recency_days,avg_discount_rate,order_count,purchase_frequency_per_month,return_rate,online_order_share,revenue_per_month,active_month_ratio,support_tickets,revenue_share,segment_size_pct,segment_name
0,374,795202.91,139.25816470588236,11.224598930481283,0.15416657754010693,14.989304812834225,0.6264705882352941,0.0465427807486631,0.6106572192513369,87.93132914438503,0.3205114973262032,0.7967914438502673,0.541086694890168,0.31166666666666665,Growth Loyalists
1,232,36658.6,42.73634784482759,214.51724137931035,0.3293620689655173,3.7155172413793105,0.2947323275862069,0.13464439655172414,0.423476724137931,12.36169224137931,0.19308189655172414,3.2974137931034484,0.02494392370030526,0.19333333333333333,Dormant
2,267,110512.18000000001,47.29146741573034,59.340823970037455,0.44805543071161047,8.752808988764045,0.5611494382022472,0.11233445692883896,0.8135850187265918,26.27894082397004,0.37276479400749063,1.6891385767790261,0.07519674471677591,0.2225,Discount-Driven
3,162,220510.32,87.93112654320988,24.71604938271605,0.29257283950617285,14.814814814814815,1.154787037037037,0.09325679012345679,0.8113197530864197,101.68264506172841,0.6064845679012346,1.0802469135802468,0.15004371681433273,0.135,Champions
4,165,306756.47,169.5089896969697,150.24848484848485,0.22173696969696968,10.884848484848485,0.5279406060606061,0.16905454545454546,0.5074836363636364,88.61778787878788,0.22362909090909092,3.684848484848485,0.20872891987841813,0.1375,High-Value At Risk
